unit_ids,unit location,branch_id,velocity,length,r2,num_channels_included,channel_density,init_chan
[243],"[(1400.0, -315.0)]","[0, 1, 2]","[212.1320343559643, 100.00000000000001, 494.9747468305833]","[332.63061557867195, 367.5, 2109.448930421761]","[1.0, 1.0, 1.0]","[4426, 4426]","[0.0005545545028187401, 0.0005545545028187401]",[3066]
